{"lr": 3.490990990990992e-07, "data_time": 0.0027765750885009764, "grad_norm": 134.3396255493164, "loss": 27.953182220458984, "loss_cls": 1.8392228126525878, "loss_sta": 1.8392228126525878, "loss_bbox": 0.5356046915054321, "loss_giou": 0.3039123177528381, "s.0.loss_cls": 1.645252275466919, "s.0.loss_sta": 1.645252275466919, "s.0.loss_bbox": 0.4078346252441406, "s.0.loss_giou": 0.25186588168144225, "s.1.loss_cls": 2.057136297225952, "s.1.loss_sta": 2.057136297225952, "s.1.loss_bbox": 0.46289086937904356, "s.1.loss_giou": 0.2631947785615921, "s.2.loss_cls": 2.388561487197876, "s.2.loss_sta": 2.388561487197876, "s.2.loss_bbox": 0.3993538856506348, "s.2.loss_giou": 0.2461092621088028, "s.3.loss_cls": 1.6989885330200196, "s.3.loss_sta": 1.6989885330200196, "s.3.loss_bbox": 0.5979431092739105, "s.3.loss_giou": 0.33041359186172486, "s.4.loss_cls": 2.018568181991577, "s.4.loss_sta": 2.018568181991577, "s.4.loss_bbox": 0.547054260969162, "s.4.loss_giou": 0.3115458071231842, "time": 0.8363687515258789, "iter": 5, "memory": 5588, "step": 5}
{"lr": 4.729729729729731e-07, "data_time": 0.003182816505432129, "grad_norm": 155.01902389526367, "loss": 28.151805305480956, "loss_cls": 1.9114803671836853, "loss_sta": 1.9114803671836853, "loss_bbox": 0.5579071879386902, "loss_giou": 0.3214111804962158, "s.0.loss_cls": 1.6203863382339478, "s.0.loss_sta": 1.6203863382339478, "s.0.loss_bbox": 0.4419360965490341, "s.0.loss_giou": 0.27276052385568617, "s.1.loss_cls": 2.023538362979889, "s.1.loss_sta": 2.023538362979889, "s.1.loss_bbox": 0.457289582490921, "s.1.loss_giou": 0.27077837139368055, "s.2.loss_cls": 2.450630259513855, "s.2.loss_sta": 2.450630259513855, "s.2.loss_bbox": 0.42154535800218584, "s.2.loss_giou": 0.25669232159852984, "s.3.loss_cls": 1.738503646850586, "s.3.loss_sta": 1.738503646850586, "s.3.loss_bbox": 0.5766439825296402, "s.3.loss_giou": 0.32815842181444166, "s.4.loss_cls": 1.9352878093719483, "s.4.loss_sta": 1.9352878093719483, "s.4.loss_bbox": 0.5625994235277176, "s.4.loss_giou": 0.3244294136762619, "time": 0.681764817237854, "iter": 10, "memory": 5132, "step": 10}
{"lr": 5.968468468468469e-07, "data_time": 0.0031187375386555988, "grad_norm": 132.32459360758463, "loss": 28.22209053039551, "loss_cls": 1.9692347288131713, "loss_sta": 1.9692347288131713, "loss_bbox": 0.5125471134980519, "loss_giou": 0.32485586404800415, "s.0.loss_cls": 1.6601102193196615, "s.0.loss_sta": 1.6601102193196615, "s.0.loss_bbox": 0.42220024863878886, "s.0.loss_giou": 0.2834436853726705, "s.1.loss_cls": 1.9910926262537638, "s.1.loss_sta": 1.9910926262537638, "s.1.loss_bbox": 0.43806644479433693, "s.1.loss_giou": 0.29016981025536853, "s.2.loss_cls": 2.386630900700887, "s.2.loss_sta": 2.386630900700887, "s.2.loss_bbox": 0.41795993745327, "s.2.loss_giou": 0.28155928254127505, "s.3.loss_cls": 1.7749743223190309, "s.3.loss_sta": 1.7749743223190309, "s.3.loss_bbox": 0.5280547420183818, "s.3.loss_giou": 0.3313635100920995, "s.4.loss_cls": 1.9920967896779378, "s.4.loss_sta": 1.9920967896779378, "s.4.loss_bbox": 0.5159998099009196, "s.4.loss_giou": 0.3275907337665558, "time": 0.632163159052531, "iter": 15, "memory": 5260, "step": 15}
{"lr": 7.207207207207206e-07, "data_time": 0.003136754035949707, "grad_norm": 132.2273738861084, "loss": 28.134658813476562, "loss_cls": 1.966819280385971, "loss_sta": 1.966819280385971, "loss_bbox": 0.4981910690665245, "loss_giou": 0.32316502183675766, "s.0.loss_cls": 1.6845846951007843, "s.0.loss_sta": 1.6845846951007843, "s.0.loss_bbox": 0.4216016083955765, "s.0.loss_giou": 0.2861228957772255, "s.1.loss_cls": 1.9688331246376038, "s.1.loss_sta": 1.9688331246376038, "s.1.loss_bbox": 0.43489969670772555, "s.1.loss_giou": 0.2930156201124191, "s.2.loss_cls": 2.3664032876491548, "s.2.loss_sta": 2.3664032876491548, "s.2.loss_bbox": 0.4311933256685734, "s.2.loss_giou": 0.29368198066949847, "s.3.loss_cls": 1.762691605091095, "s.3.loss_sta": 1.762691605091095, "s.3.loss_bbox": 0.5189030483365059, "s.3.loss_giou": 0.33405466228723524, "s.4.loss_cls": 1.9836752951145171, "s.4.loss_sta": 1.9836752951145171, "s.4.loss_bbox": 0.5048741966485977, "s.4.loss_giou": 0.3289406843483448, "time": 0.60308837890625, "iter": 20, "memory": 5178, "step": 20}
{"lr": 8.445945945945945e-07, "data_time": 0.0031041908264160156, "grad_norm": 129.05645477294922, "loss": 27.74124870300293, "loss_cls": 1.9226075029373169, "loss_sta": 1.9226075029373169, "loss_bbox": 0.4685730278491974, "loss_giou": 0.30909426033496856, "s.0.loss_cls": 1.7005157041549683, "s.0.loss_sta": 1.7005157041549683, "s.0.loss_bbox": 0.40449833273887636, "s.0.loss_giou": 0.27642673671245577, "s.1.loss_cls": 1.968401508331299, "s.1.loss_sta": 1.968401508331299, "s.1.loss_bbox": 0.4184487479925156, "s.1.loss_giou": 0.2849340277910233, "s.2.loss_cls": 2.295545449256897, "s.2.loss_sta": 2.295545449256897, "s.2.loss_bbox": 0.4165483605861664, "s.2.loss_giou": 0.2864241373538971, "s.3.loss_cls": 1.7659758472442626, "s.3.loss_sta": 1.7659758472442626, "s.3.loss_bbox": 0.4867938858270645, "s.3.loss_giou": 0.31862649500370027, "s.4.loss_cls": 1.9890711164474488, "s.4.loss_sta": 1.9890711164474488, "s.4.loss_bbox": 0.4737108552455902, "s.4.loss_giou": 0.3129351508617401, "time": 0.5865115356445313, "iter": 25, "memory": 5260, "step": 25}
{"lr": 9.684684684684684e-07, "data_time": 0.003087306022644043, "grad_norm": 128.73329366048176, "loss": 27.62705001831055, "loss_cls": 1.8862221519152322, "loss_sta": 1.8862221519152322, "loss_bbox": 0.48190681089957554, "loss_giou": 0.3149624769886335, "s.0.loss_cls": 1.7121649225552877, "s.0.loss_sta": 1.7121649225552877, "s.0.loss_bbox": 0.4050546805063883, "s.0.loss_giou": 0.2732396235068639, "s.1.loss_cls": 1.9584709882736206, "s.1.loss_sta": 1.9584709882736206, "s.1.loss_bbox": 0.43141505122184753, "s.1.loss_giou": 0.2888358031709989, "s.2.loss_cls": 2.2504894653956096, "s.2.loss_sta": 2.2504894653956096, "s.2.loss_bbox": 0.4289169445633888, "s.2.loss_giou": 0.291630649069945, "s.3.loss_cls": 1.7517172773679097, "s.3.loss_sta": 1.7517172773679097, "s.3.loss_bbox": 0.49450416018565496, "s.3.loss_giou": 0.3230401416619619, "s.4.loss_cls": 1.9848869125048318, "s.4.loss_sta": 1.9848869125048318, "s.4.loss_bbox": 0.4849534918864568, "s.4.loss_giou": 0.3206864774227142, "time": 0.5749818166097005, "iter": 30, "memory": 5304, "step": 30}
{"lr": 1.0923423423423425e-06, "data_time": 0.003073583330426897, "grad_norm": 121.58391571044922, "loss": 27.562658146449497, "loss_cls": 1.8848108223506383, "loss_sta": 1.8848108223506383, "loss_bbox": 0.46403182659830366, "loss_giou": 0.31573803297110964, "s.0.loss_cls": 1.6996759516852242, "s.0.loss_sta": 1.6996759516852242, "s.0.loss_bbox": 0.39138715778078353, "s.0.loss_giou": 0.2779528545481818, "s.1.loss_cls": 1.9456788642065865, "s.1.loss_sta": 1.9456788642065865, "s.1.loss_bbox": 0.4131115589823042, "s.1.loss_giou": 0.2898299570594515, "s.2.loss_cls": 2.303394535609654, "s.2.loss_sta": 2.303394535609654, "s.2.loss_bbox": 0.41360301375389097, "s.2.loss_giou": 0.2945947251149586, "s.3.loss_cls": 1.7567647116524832, "s.3.loss_sta": 1.7567647116524832, "s.3.loss_bbox": 0.4743001652615411, "s.3.loss_giou": 0.3239635484559195, "s.4.loss_cls": 1.96503370148795, "s.4.loss_sta": 1.96503370148795, "s.4.loss_bbox": 0.4700672639267785, "s.4.loss_giou": 0.32336066790989465, "time": 0.5659689358302525, "iter": 35, "memory": 5132, "step": 35}
{"lr": 1.2162162162162162e-06, "data_time": 0.003111773729324341, "grad_norm": 122.27602996826172, "loss": 27.452794361114503, "loss_cls": 1.8727694898843765, "loss_sta": 1.8727694898843765, "loss_bbox": 0.45528454557061193, "loss_giou": 0.3096310380846262, "s.0.loss_cls": 1.6978577315807342, "s.0.loss_sta": 1.6978577315807342, "s.0.loss_bbox": 0.39226094670593736, "s.0.loss_giou": 0.2765553664416075, "s.1.loss_cls": 1.9566859751939774, "s.1.loss_sta": 1.9566859751939774, "s.1.loss_bbox": 0.40697281025350096, "s.1.loss_giou": 0.28308373764157296, "s.2.loss_cls": 2.301274275779724, "s.2.loss_sta": 2.301274275779724,